{"cameraMode":{"drawMode":0,"name":"Shaded","section":"Shading Mode"},"sceneLighting":true,"audioPlay":false,"sceneViewState":{"m_AlwaysRefresh":false,"showFog":true,"showSkybox":true,"showFlares":true,"showImageEffects":true,"showParticleSystems":true,"showVisualEffectGraphs":true,"m_FxEnabled":true},"in2DMode":false,"pivot":{"x":-0.3164672255516052,"y":3.867799997329712,"z":2.9020276069641115},"rotation":{"x":0.07585430890321732,"y":-0.1217285767197609,"z":0.00933394581079483,"w":0.9896225333213806},"size":10.88374137878418,"orthographic":true}