{"cameraMode":{"drawMode":0,"name":"Shaded","section":"Shading Mode"},"sceneLighting":true,"audioPlay":false,"sceneViewState":{"m_AlwaysRefresh":false,"showFog":true,"showSkybox":true,"showFlares":true,"showImageEffects":true,"showParticleSystems":true,"showVisualEffectGraphs":true,"m_FxEnabled":true},"in2DMode":false,"pivot":{"x":23.39673614501953,"y":-5.23360538482666,"z":1.007812738418579},"rotation":{"x":0.28257620334625246,"y":-0.011510585434734822,"z":0.003391076810657978,"w":0.9591695666313171},"size":46.26773452758789,"orthographic":false}